Magritte Magic,Nick Ager and Esteban Lorenzano
RedLine Smalltalk,Sean Allen
Profiler Zoo,Alexandre Bergel
DALi: A database abstraction layer for multiuser web applications,Johan Brichau
MarkAndCompact: Implementing a Scavenger in Smalltalk,Javier Burroni and Gerardo Richarte
"Now that I have a GC in Smalltalk, what can I do with it?",Javier Burroni and Gerardo Richarte
Simulated Annealing,Leandro Caniglia
Étoilé: Pragmatic Smalltalk,David Chisnall
Building a Mock Server with Zinc,Marcus Denker
Pharo roadmap,Marcus Denker and Stéphane Ducasse
Humane Assessment with Moose,Stéphane Ducasse
Web Panel,Stephane Ducasse
ChannelStream: The Challenges of Continuously Delivering,Julian Fitzell
WebTools for GemStone,James Foster
 Gezira - Fast Graphics in OMeta/Squeak ,Bert Freudenberg
A Guided Tour through SmalltalkX,Claus Gittinger
Gemstone news,Norm Green
Pdf in Smalltalk,Christian Haider
Revitalizing Component Studio – a typical Smalltalk ERP system,Georg Heeg
GLASS 2.0,Dale Henrich
Making the Past serve your Future,"Andreas Hiltner, Niall Ross and Dirk Verleysen"
Desktop like GUI in Browser,Thomas Holzer
VA Smalltalk Update,John O'Keefe
Native or External? (Lessons learned implementing cryptography for VisualWorks),Martin Kobetic
Presenty UI Framework,Denis Kudryashov
Reef: an Update,Esteban Lorenzano
JWARS - Lessons learned,Donald MacQueen
Not-so-foreign functions: Calling Ruby from Smalltalk,Martin McClure
On the web frontiers with Smalltalk,Janko Mivsek
Fuel: A Fast General Purpose Object Graph Serializer,Mariano Martinez-Peck
DBXTalk: Smalltalk Relational Database Suite ,Mariano Martinez-Peck and Guillermo Polito
Iliad & Jtalk ,Nicolas Petton
Coral,Damien Pollet
StyledTextEditor - Rich Text Editing with Styles,Bernhard Pieber
Bifröst: Letting Smalltalk loose,Jorge Ressia
Store Beyond Glorp - What's Next,Tom Robinson
TDD with Mocks in Smalltalk,Denis Schetinin
Data Mining the Social Web,Gary Short
Compiling your own VM,Igor Stasenko
Native boost,Igor Stasenko
Cincom Smalltalk Roadmap 2011,Arden Thomas
Cairo Graphics Kit,Chris Thorgrimsson
Running Smalltalk on top the .Net DLR,Todor Todorov
VisualWorks Object Memory Management,Andres Valloud
